626,1280,1312,1495,1408,1096,1458,1665,841,434,1212,1604,1017,1495,1543,183,1632,392,909,264,1524,1371,554,1337,944,678,1539,1418,987,1363,589,1347,830,1412,1392,629,101,1300,1483,1054,1046,1358,1551,957,1322,926,110,1029,1419,1571,1356,944,1237,814,1645,1426,1393,1408,1029,626,1331,1333,97,456,1535,1283,122,1065,1218,1437,923,1478,1401,1513,12,1605,926,1096,1347,1068,1437,1664,802,1422,762,1506,1131,1342,1589,1612,740,964,1458,967,1427,1342,1435,1227,892,1074,783,1491,1254,1202,205,406,1662,927,1324,1181,1482,1210,1638,1593,1254,1752,848,1465,1370,183,1073,178,650,1332,1502,147,1064,1762,631,28,755,1620,1676,1275,454,1228,273,754,1357,1169,1560,1345,1268,1494,313,1457,849,1560,384,1158,1605,1520,83,1584,1453,1423,1784,1243,1489,1541,1361,1516,1247,1552,1318,1109,1379,1067,1196,1561,1087,636,865,1662,319,1526,1108,1322,285,1407,1593,1238,917,819,1298,941,1451,1436,1577,1471,175,1557,626,1117,362,919,549,62,1036,867,622,378,1485,1535,401,1216,1045,365,1557
1010,1626,1609,1751,1761,1416,1843,1972,1224,860,1566,1992,1304,1785,1840,800,1957,899,1272,598,1846,1791,869,1721,1242,1036,1929,1844,1339,1731,1085,1767,1272,1798,1754,1073,578,1751,1852,1382,1473,1644,1851,1366,1659,1305,638,1424,1766,1890,1695,1385,1640,1070,1943,1772,1784,1660,1478,932,1673,1699,442,828,1858,1594,624,1441,1541,1788,1296,1816,1830,1804,512,1891,1226,1530,1725,1374,1773,2011,1191,1810,1047,1820,1488,1776,1915,1907,1077,1219,1801,1382,1751,1625,1764,1618,1232,1429,1286,1805,1601,1602,594,1022,1972,1251,1665,1590,1869,1604,1941,1903,1645,2097,1338,1764,1661,604,1446,671,1034,1704,1826,748,1438,2038,1027,600,1132,1911,2052,1595,873,1608,649,970,1808,1544,1810,1774,1617,1898,954,1724,1174,1888,831,1523,1986,1815,482,1933,1744,1767,2088,1621,1782,1859,1644,1798,1539,1916,1640,1426,1702,1490,1563,1906,1371,1017,1198,1957,603,1884,1406,1660,693,1840,1923,1589,1189,1117,1643,1331,1852,1858,1954,1789,607,1896,991,1517,801,1355,867,464,1456,1199,1002,766,1860,1892,815,1594,1389,754,1928
1612,2249,2149,2248,2472,2186,2596,2602,1985,1921,2282,2631,1917,2478,2515,1816,2556,1807,1972,1299,2404,2405,1707,2493,1908,1905,2702,2632,2000,2451,1905,2390,2127,2499,2355,2024,1427,2531,2401,2107,2297,2272,2330,2161,2181,2107,1794,2128,2465,2559,2317,2159,2319,1734,2510,2477,2437,2218,2301,1621,2424,2476,1390,1548,2418,2326,1504,2224,2089,2428,2122,2487,2537,2314,1710,2465,2000,2264,2511,2056,2220,2621,1830,2580,1952,2466,2281,2520,2425,2426,1928,1902,2373,2239,2425,2251,2403,2458,2266,1996,2106,2520,2255,2273,1572,1755,2606,1841,2291,2383,2588,2269,2460,2429,2425,2659,2269,2298,2137,1670,2273,1626,1771,2325,2497,1866,2214,2558,1584,1705,1830,2609,2596,2171,1867,2453,1703,1623,2580,2111,2321,2457,2364,2703,1990,2298,1930,2591,1599,2232,2613,2477,1647,2626,2400,2424,2635,2305,2381,2448,2185,2361,2190,2553,2294,2022,2435,2207,2344,2554,1985,1812,1834,2496,1313,2594,2318,2314,1634,2567,2482,2352,1936,1850,2403,2153,2625,2504,2563,2314,1664,2641,1812,2261,1916,2249,1557,1466,2158,2164,1827,1712,2340,2444,1839,2157,2147,1617,2562
3843,4145,3888,3804,4295,4198,4425,4037,4132,4477,4116,4595,3811,3998,4342,4390,4352,4336,4190,4044,4006,4251,4017,4680,4218,4321,4572,4548,3776,4312,4121,4272,4514,4712,4372,4451,4335,4541,4099,3877,4574,4263,4062,4536,3789,4221,4459,4360,4401,4390,4083,4290,4334,3721,3873,4359,4410,3778,4514,3848,4236,4397,4345,3435,3760,4191,4148,4529,4090,4202,4041,4526,4691,3781,4564,3960,4335,4228,4526,3781,3606,4086,4283,4318,4240,3882,4178,4722,4183,3718,3974,3913,4052,4553,4214,4219,3892,4366,4625,4015,4375,3982,4465,4573,4382,4196,4328,3934,4123,4385,4409,4271,3991,3777,4361,4287,4652,3893,3597,4430,4169,4374,4090,4002,4557,4425,4194,3851,3889,4488,4120,4298,4180,3962,4261,4568,4425,3696,4660,3921,3648,4431,4282,4786,4522,4238,4188,3982,3866,4481,4309,3735,4449,4578,3825,4238,4115,4131,3898,4265,3889,3729,4177,4349,4123,3787,4403,4370,4375,4292,3749,4145,3931,4123,3426,4528,4555,4517,4071,4550,4144,4433,3974,3861,4254,4307,4379,4271,4202,3723,3992,4530,4069,4465,4502,4547,3635,4437,4005,4464,4303,4398,4234,4095,4258,4002,4128,3899,4172
4233,4557,4247,4175,4681,4577,4790,4359,4622,4822,4508,5026,4177,4327,4691,4892,4741,4833,4597,4519,4356,4636,4553,5117,4671,4702,4964,4968,4076,4626,4622,4712,4925,5111,4801,4912,4979,4923,4461,4218,5068,4737,4458,4975,4108,4645,4997,4797,4836,4677,4434,4744,4707,4053,4116,4643,4777,4041,5007,4293,4626,4818,4868,3792,4137,4546,4681,4942,4537,4626,4459,4929,5115,4114,5267,4315,4777,4639,4872,4107,3877,4426,4723,4720,4652,4128,4487,5167,4486,3993,4440,4315,4397,4940,4591,4629,4244,4700,5160,4448,4782,4280,4843,4912,4904,4516,4694,4351,4443,4759,4812,4604,4329,4083,4769,4634,5045,4222,3889,4984,4592,4852,4517,4354,4974,4877,4590,4112,4298,4954,4593,4618,4518,4280,4793,4988,4945,4088,5046,4215,3928,4795,4643,5180,4988,4610,4677,4330,4315,4829,4648,4080,5004,4911,4170,4564,4489,4507,4237,4692,4254,3996,4567,4664,4472,4109,4764,4747,4730,4624,4059,4593,4299,4492,3907,4912,4990,4956,4587,4977,4505,4820,4359,4306,4613,4769,4728,4606,4500,3955,4484,4898,4562,4905,5064,5087,4051,4947,4399,4915,4756,4840,4581,4450,4740,4277,4487,4332,4565
4366,4447,4228,4161,4622,4575,4799,4354,4662,4800,4530,4995,4266,4319,4709,4793,4748,4841,4642,4538,4328,4706,4490,5066,4702,4688,4901,4877,4139,4665,4615,4643,4944,5123,4776,4903,4940,4940,4476,4144,5048,4725,4474,4933,4166,4574,5022,4840,4854,4705,4436,4654,4726,4127,4163,4666,4810,4011,4992,4308,4564,4837,4859,3823,4069,4646,4648,5018,4597,4559,4450,4967,5127,4145,5171,4356,4807,4754,4889,4110,3869,4400,4780,4701,4709,4165,4506,5164,4536,4042,4370,4362,4331,4915,4536,4680,4235,4698,5100,4430,4800,4262,4894,4889,4944,4611,4711,4376,4453,4751,4858,4602,4306,4077,4746,4634,5026,4278,3963,4984,4544,4906,4568,4347,4917,4847,4595,4079,4369,4807,4644,4630,4518,4366,4772,4966,5089,4085,5072,4236,3972,4749,4676,5112,4915,4635,4640,4272,4280,4829,4654,4050,5014,4906,4154,4521,4467,4559,4233,4701,4172,4065,4568,4752,4483,4158,4854,4719,4768,4633,4161,4506,4354,4483,3999,4857,5035,4938,4510,4913,4484,4840,4378,4277,4570,4769,4770,4623,4512,3932,4386,4879,4512,4933,5084,5039,4151,5068,4417,4910,4807,4912,4589,4507,4904,4364,4488,4357,4575
3934,4128,3916,3806,4286,4232,4375,4016,4203,4412,4086,4584,3846,3955,4289,4364,4411,4346,4237,4073,3956,4281,4326,4656,4260,4210,4558,4456,3727,4271,4070,4172,4526,4726,4341,4420,4436,4465,4056,3770,4541,4337,4093,4477,3801,4197,4415,4358,4397,4392,4039,4213,4323,3800,3852,4265,4405,3706,4477,3945,4210,4405,4447,3451,3711,4190,4298,4531,4141,4150,4037,4538,4706,3755,4535,3967,4384,4202,4502,3739,3590,4107,4356,4259,4246,3827,4194,4756,4196,3737,3873,3976,4049,4478,4150,4250,3834,4314,4567,4096,4328,3863,4449,4558,4416,4201,4323,3962,4163,4360,4377,4218,3981,3715,4276,4249,4569,3897,3608,4390,4155,4340,4195,3976,4543,4298,4124,3778,3972,4325,4174,4197,4180,4001,4213,4535,4441,3683,4612,3879,3634,4422,4256,4684,4429,4250,4176,3868,3851,4484,4262,3699,4460,4594,3767,4176,4097,4092,3868,4339,3853,3684,4192,4310,4130,3831,4414,4313,4362,4351,3808,4099,3966,4142,3405,4478,4585,4497,4038,4441,4109,4368,3976,3830,4212,4242,4396,4222,4135,3685,3900,4545,4033,4495,4527,4466,3772,4497,4036,4403,4360,4386,4227,4093,4195,4029,4057,3911,4125
1880,2292,2334,2412,2494,2194,2606,2522,2105,1924,2259,2801,2053,2402,2589,1901,2714,1932,2219,1652,2494,2581,1752,2659,2159,1959,2750,2616,2039,2436,2025,2553,2281,2711,2548,2106,1870,2573,2530,2041,2372,2451,2557,2243,2335,2260,1782,2261,2567,2660,2383,2185,2422,1807,2498,2524,2637,2242,2435,1773,2487,2509,1545,1546,2437,2366,1651,2316,2313,2500,2133,2638,2628,2436,1712,2514,2187,2301,2487,1981,2318,2608,2115,2546,1975,2370,2322,2675,2599,2473,1931,2083,2495,2275,2466,2449,2417,2344,2224,2218,2195,2428,2540,2493,1646,2048,2657,2053,2330,2371,2637,2400,2571,2425,2450,2693,2303,2389,2268,1757,2269,1806,1968,2364,2585,1865,2256,2544,1933,1822,2039,2572,2685,2302,1918,2507,1852,1759,2714,2208,2353,2593,2401,2699,2057,2514,2010,2499,1745,2455,2650,2443,1728,2742,2345,2433,2750,2382,2453,2645,2313,2377,2292,2640,2353,2129,2521,2384,2288,2578,2139,1954,1993,2622,1439,2641,2242,2477,1744,2603,2577,2443,2003,1951,2421,2181,2578,2608,2655,2311,1671,2612,1940,2346,2004,2323,1717,1703,2248,2194,2035,1846,2600,2547,1864,2350,2228,1691,2597
1780,2311,2221,2334,2432,2120,2567,2578,2038,1920,2210,2721,1975,2361,2513,1944,2596,1893,2075,1518,2414,2484,1709,2552,2014,1900,2649,2568,2040,2408,1992,2485,2191,2588,2460,2002,1719,2563,2457,2037,2340,2334,2465,2206,2243,2166,1796,2188,2471,2605,2366,2165,2387,1733,2480,2435,2566,2203,2383,1722,2353,2438,1429,1487,2397,2256,1575,2255,2200,2409,2065,2532,2573,2366,1660,2467,2035,2276,2488,1998,2294,2595,1989,2561,1875,2361,2208,2548,2508,2443,1848,1926,2454,2262,2437,2331,2389,2342,2105,2157,2190,2420,2377,2443,1538,1992,2584,1949,2288,2320,2582,2340,2522,2416,2382,2671,2309,2338,2189,1608,2221,1684,1882,2355,2527,1836,2196,2533,1805,1737,1929,2559,2642,2257,1843,2449,1712,1637,2635,2166,2301,2543,2377,2703,2006,2417,1910,2485,1674,2321,2623,2378,1621,2611,2303,2388,2697,2330,2367,2513,2244,2354,2181,2613,2297,2066,2424,2299,2312,2553,2030,1926,1912,2572,1322,2587,2197,2416,1649,2572,2509,2382,1909,1863,2336,2113,2557,2556,2612,2312,1586,2584,1810,2258,1834,2235,1586,1571,2185,2069,1913,1778,2536,2481,1761,2286,2146,1603,2572
1673,1842,1896,2121,2077,1726,2181,2166,1574,1251,1826,2379,1583,2038,2134,1133,2251,1257,1726,1161,2067,2057,1312,2044,1712,1375,2237,2039,1555,1995,1386,2047,1625,2187,2091,1471,1297,2014,2021,1647,1712,2102,2141,1729,1916,1687,1037,1548,2078,2251,1936,1639,1922,1417,2102,2032,2194,1879,1803,1254,1964,1988,1030,1111,2018,1854,992,1802,1890,2038,1597,2337,2151,2118,1129,2158,1641,1747,2045,1598,1940,2127,1589,2019,1504,1934,1841,2166,2171,2141,1411,1686,2025,1689,2030,2000,2067,1972,1529,1754,1706,1979,2023,2034,923,1385,2193,1568,1923,1901,2106,2008,2146,2027,1916,2253,1625,2000,1910,1114,1771,1261,1446,1907,2090,1139,1719,2217,1586,1051,1573,2101,2213,1822,1197,1919,1280,1374,2092,1771,1979,2170,1836,2177,1203,2122,1523,2046,1242,1926,2199,2021,971,2293,1965,1965,2351,1892,2035,2198,1907,2053,1850,2188,1935,1694,2000,1926,1889,2170,1729,1438,1597,2148,973,2244,1762,1990,1140,2002,2143,1969,1556,1525,1836,1634,2051,2064,2146,1942,987,2103,1408,1856,1392,1680,1260,959,1675,1631,1417,1146,2114,2165,1185,1900,1717,1146,2163
3543,3632,3488,3374,3865,3675,3914,3603,3680,3766,3606,4131,3472,3541,3829,3821,4001,3732,3827,3477,3519,3777,3412,4106,3825,3526,4048,3947,3318,3747,3521,3686,3959,4273,3859,3879,3786,3971,3610,3253,4039,3937,3649,3970,3382,3646,3603,3863,3937,4088,3545,3669,3786,3317,3460,3749,3934,3225,3929,3446,3785,3919,3552,2982,3370,3669,3683,3997,3693,3673,3622,4110,4194,3332,3820,3550,3822,3706,4027,3215,3220,3610,3791,3701,3663,3436,3753,4186,3702,3367,3268,3600,3571,3835,3616,3811,3341,3797,4001,3721,3692,3369,3956,3952,3729,3553,3931,3530,3626,3893,3871,3728,3585,3386,3729,3855,3904,3535,3233,3760,3676,3740,3542,3481,4051,3666,3525,3400,3517,3697,3658,3715,3744,3630,3548,3904,3773,3218,4042,3368,3256,3950,3697,4151,3704,3808,3576,3435,3303,3984,3812,3296,3790,4125,3329,3691,3705,3636,3432,3940,3439,3272,3701,3781,3696,3383,4009,3734,3892,3868,3422,3483,3515,3689,3014,3995,4030,4024,3362,3984,3659,3794,3498,3311,3693,3640,3945,3768,3627,3188,3323,4001,3495,3977,3855,3797,3352,3887,3593,3807,3698,3707,3785,3700,3564,3650,3542,3333,3693
2152,2487,2478,2566,2623,2380,2740,2660,2302,2099,2488,2961,2243,2486,2724,2023,2881,2158,2332,1993,2613,2771,2027,2826,2441,2121,2935,2712,2235,2601,2167,2651,2530,2966,2723,2366,2178,2656,2668,2149,2519,2619,2699,2561,2475,2438,1990,2471,2756,2916,2521,2325,2568,2053,2628,2644,2855,2371,2581,2121,2535,2683,1865,1775,2526,2476,1833,2517,2584,2594,2329,2914,2814,2552,1992,2689,2345,2414,2665,2161,2425,2668,2385,2664,2296,2452,2509,2853,2744,2614,2085,2363,2614,2375,2623,2713,2541,2532,2378,2465,2316,2477,2724,2573,1933,2212,2834,2318,2483,2692,2778,2608,2685,2538,2602,2861,2408,2595,2383,1945,2392,2049,2139,2480,2802,2098,2381,2654,2180,1919,2386,2690,2803,2523,2074,2635,2167,2060,2848,2420,2433,2760,2532,2899,2205,2761,2274,2559,1960,2704,2846,2531,1952,2954,2461,2551,2824,2580,2535,2817,2473,2514,2496,2789,2519,2318,2779,2588,2483,2741,2321,2248,2255,2776,1662,2788,2590,2677,1930,2717,2687,2569,2226,2144,2531,2329,2684,2714,2733,2433,1874,2709,2163,2565,2163,2495,2064,1994,2404,2357,2370,2110,2813,2709,2073,2571,2430,1902,2706
4291,4497,4236,4174,4653,4585,4801,4354,4651,4822,4535,5014,4244,4326,4697,4859,4753,4854,4627,4536,4346,4687,4530,5109,4707,4715,4950,4922,4115,4650,4632,4695,4949,5123,4800,4915,4973,4939,4485,4187,5070,4745,4466,4961,4143,4627,5017,4827,4859,4695,4431,4709,4728,4095,4138,4664,4799,4027,5016,4303,4604,4845,4878,3816,4112,4608,4671,5002,4583,4600,4459,4955,5139,4136,5237,4343,4810,4699,4891,4114,3876,4420,4770,4714,4690,4145,4507,5179,4530,4016,4415,4363,4365,4932,4576,4660,4246,4700,5140,4449,4798,4272,4875,4897,4933,4591,4709,4379,4452,4765,4847,4613,4331,4086,4771,4633,5046,4255,3935,4999,4581,4886,4583,4357,4948,4880,4596,4103,4336,4903,4629,4633,4525,4327,4797,5000,5033,4092,5076,4233,3948,4776,4672,5156,4966,4630,4666,4304,4319,4852,4657,4061,5019,4915,4167,4550,4486,4533,4244,4699,4213,4034,4574,4715,4488,4125,4807,4738,4758,4634,4114,4557,4326,4503,3963,4890,5029,4964,4572,4965,4494,4838,4379,4312,4598,4778,4759,4623,4522,3941,4450,4901,4546,4931,5094,5066,4113,5020,4428,4924,4794,4892,4590,4471,4838,4329,4499,4361,4582
808,1407,1419,1569,1508,1230,1581,1751,966,605,1295,1788,1114,1571,1665,476,1769,583,1061,417,1608,1532,674,1507,1067,796,1681,1518,1125,1477,731,1488,979,1538,1534,733,273,1488,1590,1150,1193,1461,1654,1147,1422,1074,321,1154,1490,1691,1466,1042,1355,900,1735,1527,1531,1525,1168,787,1415,1451,211,574,1605,1384,345,1208,1326,1527,1036,1578,1549,1580,191,1712,1043,1173,1463,1162,1532,1749,1002,1509,842,1585,1264,1507,1694,1707,834,1108,1559,1103,1522,1455,1522,1341,994,1185,941,1533,1373,1333,317,654,1767,1095,1443,1306,1570,1325,1715,1656,1392,1839,1043,1535,1471,321,1194,317,824,1416,1591,371,1194,1828,782,244,916,1685,1782,1425,581,1371,440,832,1501,1267,1627,1469,1380,1643,594,1575,946,1622,557,1322,1715,1604,245,1733,1554,1521,1882,1344,1575,1690,1469,1659,1354,1655,1437,1221,1506,1225,1306,1685,1170,802,980,1748,423,1666,1195,1435,419,1515,1681,1367,1017,936,1392,1077,1559,1543,1685,1584,360,1654,732,1235,473,1066,665,170,1197,967,788,537,1669,1620,522,1391,1166,493,1649
